episode,reward,kills,health,survival_time,completion_time
1,67.01999999999992,33.0,-3.0,44.71596360206604,44.71596360206604
2,59.85999999999996,22.0,-14.0,27.979823350906372,27.979823350906372
3,53.339999999999954,19.0,-8.0,24.12034010887146,24.12034010887146
