episode,reward,kills,damage_dealt,health,time_to_kill,survival_time
1,25.690000000000065,15.0,175.0,-2.0,0.23768210411071777,17.319751262664795
2,33.21000000000005,20.0,205.0,-3.0,0.2526829242706299,23.09785223007202
3,14.810000000000048,8.0,40.0,-3.0,0.22806715965270996,14.95246696472168
4,23.700000000000056,14.0,160.0,-5.0,0.23111200332641602,15.97262191772461
5,40.60999999999992,23.0,265.0,-8.0,0.2432568073272705,29.339362144470215
