episode,reward,kills,health,survival_time,completion_time
1,34.0,35.0,-1.0,42.00360584259033,42.00360584259033
2,42.0,43.0,-30.0,64.37093114852905,64.37093114852905
3,39.0,40.0,-5.0,56.119962215423584,56.119962215423584
